source_id,entity_id,name,tier,county,platform,portal_url,api_url,adapter,docs_anon,live_fetch,confidence,notes
mfmp-vip,,MyFloridaMarketPlace Vendor Information Portal (all State of Florida agencies),state,statewide,mfmp_vip,https://vendor.myfloridamarketplace.com/search/bids,https://vendor.myfloridamarketplace.com/mfmp/pub/search/bids,vip,yes,true,verified,Single statewide feed covering all executive-branch state agencies (129 MFMP-registered orgs in vip_orgs.json)
og-alachuacounty,co-alachua-county,"Alachua County, Florida",county,alachua,opengov,https://procurement.opengov.com/portal/alachuacounty,https://api.procurement.opengov.com/api/v1/government/alachuacounty/project/public,opengov,yes,true,verified,"OpenGov tenant code=alachuacounty. VERIFIED 2026-08-06: POST {""limit"":100,""page"":0,""sortField"":""releaseProjectDate"",""sortDirection"":""DESC""} to api_url returns HTTP 200 with 390 total projects. Detail: GET https://api.procurement.opengov.com/api/v1/project/{id} returns presigned S3 attachment URLs (bid packets download anonymously). Send Content-Type: application/json + browser UA + Origin: https://procurement.opengov.com. Do NOT scrape procurement.opengov.com/portal/* - Cloudflare-challenged; use the API host."
og-bay-k12-fl,sch-bay-county-school-district,Bay County School District,school_district,bay,opengov,https://procurement.opengov.com/portal/bay-k12-fl,https://api.procurement.opengov.com/api/v1/government/bay-k12-fl/project/public,opengov,yes,true,verified,"OpenGov tenant code=bay-k12-fl. VERIFIED 2026-08-06: POST {""limit"":100,""page"":0,""sortField"":""releaseProjectDate"",""sortDirection"":""DESC""} to api_url returns HTTP 200 with 0 total projects. Detail: GET https://api.procurement.opengov.com/api/v1/project/{id} returns presigned S3 attachment URLs (bid packets download anonymously). Send Content-Type: application/json + browser UA + Origin: https://procurement.opengov.com. Do NOT scrape procurement.opengov.com/portal/* - Cloudflare-challenged; use the API host."
og-baycountyfl,co-bay-county,"Bay County, FL",county,bay,opengov,https://procurement.opengov.com/portal/baycountyfl,https://api.procurement.opengov.com/api/v1/government/baycountyfl/project/public,opengov,yes,true,verified,"OpenGov tenant code=baycountyfl. VERIFIED 2026-08-06: POST {""limit"":100,""page"":0,""sortField"":""releaseProjectDate"",""sortDirection"":""DESC""} to api_url returns HTTP 200 with 124 total projects. Detail: GET https://api.procurement.opengov.com/api/v1/project/{id} returns presigned S3 attachment URLs (bid packets download anonymously). Send Content-Type: application/json + browser UA + Origin: https://procurement.opengov.com. Do NOT scrape procurement.opengov.com/portal/* - Cloudflare-challenged; use the API host."
og-cfxway,sd-central-florida-expressway-authority,Central Florida Expressway Authority,special_district,brevard-orange-osceola-lake-seminole,opengov,https://procurement.opengov.com/portal/cfxway,https://api.procurement.opengov.com/api/v1/government/cfxway/project/public,opengov,yes,true,verified,"OpenGov tenant code=cfxway. VERIFIED 2026-08-06: POST {""limit"":100,""page"":0,""sortField"":""releaseProjectDate"",""sortDirection"":""DESC""} to api_url returns HTTP 200 with 6 total projects. Detail: GET https://api.procurement.opengov.com/api/v1/project/{id} returns presigned S3 attachment URLs (bid packets download anonymously). Send Content-Type: application/json + browser UA + Origin: https://procurement.opengov.com. Do NOT scrape procurement.opengov.com/portal/* - Cloudflare-challenged; use the API host."
og-citrusfl,co-citrus-county,"Citrus County, Florida",county,citrus,opengov,https://procurement.opengov.com/portal/citrusfl,https://api.procurement.opengov.com/api/v1/government/citrusfl/project/public,opengov,yes,true,verified,"OpenGov tenant code=citrusfl. VERIFIED 2026-08-06: POST {""limit"":100,""page"":0,""sortField"":""releaseProjectDate"",""sortDirection"":""DESC""} to api_url returns HTTP 200 with 68 total projects. Detail: GET https://api.procurement.opengov.com/api/v1/project/{id} returns presigned S3 attachment URLs (bid packets download anonymously). Send Content-Type: application/json + browser UA + Origin: https://procurement.opengov.com. Do NOT scrape procurement.opengov.com/portal/* - Cloudflare-challenged; use the API host."
og-apopka,mun-city-of-apopka,City of Apopka,municipality,orange,opengov,https://procurement.opengov.com/portal/apopka,https://api.procurement.opengov.com/api/v1/government/apopka/project/public,opengov,yes,true,verified,"OpenGov tenant code=apopka. VERIFIED 2026-08-06: POST {""limit"":100,""page"":0,""sortField"":""releaseProjectDate"",""sortDirection"":""DESC""} to api_url returns HTTP 200 with 100 total projects. Detail: GET https://api.procurement.opengov.com/api/v1/project/{id} returns presigned S3 attachment URLs (bid packets download anonymously). Send Content-Type: application/json + browser UA + Origin: https://procurement.opengov.com. Do NOT scrape procurement.opengov.com/portal/* - Cloudflare-challenged; use the API host."
og-bartowfl,mun-city-of-bartow,"City of Bartow, FL",municipality,polk,opengov,https://procurement.opengov.com/portal/bartowfl,https://api.procurement.opengov.com/api/v1/government/bartowfl/project/public,opengov,yes,true,verified,"OpenGov tenant code=bartowfl. VERIFIED 2026-08-06: POST {""limit"":100,""page"":0,""sortField"":""releaseProjectDate"",""sortDirection"":""DESC""} to api_url returns HTTP 200 with 26 total projects. Detail: GET https://api.procurement.opengov.com/api/v1/project/{id} returns presigned S3 attachment URLs (bid packets download anonymously). Send Content-Type: application/json + browser UA + Origin: https://procurement.opengov.com. Do NOT scrape procurement.opengov.com/portal/* - Cloudflare-challenged; use the API host."
og-cityofbradenton,mun-city-of-bradenton,City of Bradenton,municipality,manatee,opengov,https://procurement.opengov.com/portal/cityofbradenton,https://api.procurement.opengov.com/api/v1/government/cityofbradenton/project/public,opengov,yes,true,verified,"OpenGov tenant code=cityofbradenton. VERIFIED 2026-08-06: POST {""limit"":100,""page"":0,""sortField"":""releaseProjectDate"",""sortDirection"":""DESC""} to api_url returns HTTP 200 with 50 total projects. Detail: GET https://api.procurement.opengov.com/api/v1/project/{id} returns presigned S3 attachment URLs (bid packets download anonymously). Send Content-Type: application/json + browser UA + Origin: https://procurement.opengov.com. Do NOT scrape procurement.opengov.com/portal/* - Cloudflare-challenged; use the API host."
og-capecoralfl,mun-city-of-cape-coral,"City of Cape Coral, FL",municipality,lee,opengov,https://procurement.opengov.com/portal/capecoralfl,https://api.procurement.opengov.com/api/v1/government/capecoralfl/project/public,opengov,yes,true,verified,"OpenGov tenant code=capecoralfl. VERIFIED 2026-08-06: POST {""limit"":100,""page"":0,""sortField"":""releaseProjectDate"",""sortDirection"":""DESC""} to api_url returns HTTP 200 with 30 total projects. Detail: GET https://api.procurement.opengov.com/api/v1/project/{id} returns presigned S3 attachment URLs (bid packets download anonymously). Send Content-Type: application/json + browser UA + Origin: https://procurement.opengov.com. Do NOT scrape procurement.opengov.com/portal/* - Cloudflare-challenged; use the API host."
og-myclearwater,mun-city-of-clearwater,City of Clearwater,municipality,pinellas,opengov,https://procurement.opengov.com/portal/myclearwater,https://api.procurement.opengov.com/api/v1/government/myclearwater/project/public,opengov,yes,true,verified,"OpenGov tenant code=myclearwater. VERIFIED 2026-08-06: POST {""limit"":100,""page"":0,""sortField"":""releaseProjectDate"",""sortDirection"":""DESC""} to api_url returns HTTP 200 with 126 total projects. Detail: GET https://api.procurement.opengov.com/api/v1/project/{id} returns presigned S3 attachment URLs (bid packets download anonymously). Send Content-Type: application/json + browser UA + Origin: https://procurement.opengov.com. Do NOT scrape procurement.opengov.com/portal/* - Cloudflare-challenged; use the API host."
og-clermontfl,mun-city-of-clermont,City of Clermont,municipality,lake,opengov,https://procurement.opengov.com/portal/clermontfl,https://api.procurement.opengov.com/api/v1/government/clermontfl/project/public,opengov,yes,true,verified,"OpenGov tenant code=clermontfl. VERIFIED 2026-08-06: POST {""limit"":100,""page"":0,""sortField"":""releaseProjectDate"",""sortDirection"":""DESC""} to api_url returns HTTP 200 with 417 total projects. Detail: GET https://api.procurement.opengov.com/api/v1/project/{id} returns presigned S3 attachment URLs (bid packets download anonymously). Send Content-Type: application/json + browser UA + Origin: https://procurement.opengov.com. Do NOT scrape procurement.opengov.com/portal/* - Cloudflare-challenged; use the API host."
og-coopercity,mun-city-of-cooper-city,"City of Cooper City, FL",municipality,broward,opengov,https://procurement.opengov.com/portal/coopercity,https://api.procurement.opengov.com/api/v1/government/coopercity/project/public,opengov,yes,true,verified,"OpenGov tenant code=coopercity. VERIFIED 2026-08-06: POST {""limit"":100,""page"":0,""sortField"":""releaseProjectDate"",""sortDirection"":""DESC""} to api_url returns HTTP 200 with 16 total projects. Detail: GET https://api.procurement.opengov.com/api/v1/project/{id} returns presigned S3 attachment URLs (bid packets download anonymously). Send Content-Type: application/json + browser UA + Origin: https://procurement.opengov.com. Do NOT scrape procurement.opengov.com/portal/* - Cloudflare-challenged; use the API host."
og-coralsprings,mun-city-of-coral-springs,City of Coral Springs,municipality,broward,opengov,https://procurement.opengov.com/portal/coralsprings,https://api.procurement.opengov.com/api/v1/government/coralsprings/project/public,opengov,yes,true,verified,"OpenGov tenant code=coralsprings. VERIFIED 2026-08-06: POST {""limit"":100,""page"":0,""sortField"":""releaseProjectDate"",""sortDirection"":""DESC""} to api_url returns HTTP 200 with 37 total projects. Detail: GET https://api.procurement.opengov.com/api/v1/project/{id} returns presigned S3 attachment URLs (bid packets download anonymously). Send Content-Type: application/json + browser UA + Origin: https://procurement.opengov.com. Do NOT scrape procurement.opengov.com/portal/* - Cloudflare-challenged; use the API host."
og-daniabeachfl,mun-city-of-dania-beach,City of Dania Beach,municipality,broward,opengov,https://procurement.opengov.com/portal/daniabeachfl,https://api.procurement.opengov.com/api/v1/government/daniabeachfl/project/public,opengov,yes,true,verified,"OpenGov tenant code=daniabeachfl. VERIFIED 2026-08-06: POST {""limit"":100,""page"":0,""sortField"":""releaseProjectDate"",""sortDirection"":""DESC""} to api_url returns HTTP 200 with 73 total projects. Detail: GET https://api.procurement.opengov.com/api/v1/project/{id} returns presigned S3 attachment URLs (bid packets download anonymously). Send Content-Type: application/json + browser UA + Origin: https://procurement.opengov.com. Do NOT scrape procurement.opengov.com/portal/* - Cloudflare-challenged; use the API host."
og-codb,mun-city-of-daytona-beach,City of Daytona Beach,municipality,volusia,opengov,https://procurement.opengov.com/portal/codb,https://api.procurement.opengov.com/api/v1/government/codb/project/public,opengov,yes,true,verified,"OpenGov tenant code=codb. VERIFIED 2026-08-06: POST {""limit"":100,""page"":0,""sortField"":""releaseProjectDate"",""sortDirection"":""DESC""} to api_url returns HTTP 200 with 200 total projects. Detail: GET https://api.procurement.opengov.com/api/v1/project/{id} returns presigned S3 attachment URLs (bid packets download anonymously). Send Content-Type: application/json + browser UA + Origin: https://procurement.opengov.com. Do NOT scrape procurement.opengov.com/portal/* - Cloudflare-challenged; use the API host."
og-edgewater,mun-city-of-edgewater,"City of Edgewater, Florida",municipality,volusia,opengov,https://procurement.opengov.com/portal/edgewater,https://api.procurement.opengov.com/api/v1/government/edgewater/project/public,opengov,yes,true,verified,"OpenGov tenant code=edgewater. VERIFIED 2026-08-06: POST {""limit"":100,""page"":0,""sortField"":""releaseProjectDate"",""sortDirection"":""DESC""} to api_url returns HTTP 200 with 61 total projects. Detail: GET https://api.procurement.opengov.com/api/v1/project/{id} returns presigned S3 attachment URLs (bid packets download anonymously). Send Content-Type: application/json + browser UA + Origin: https://procurement.opengov.com. Do NOT scrape procurement.opengov.com/portal/* - Cloudflare-challenged; use the API host."
og-cityftmyers,mun-city-of-fort-myers,City of Fort Myers,municipality,lee,opengov,https://procurement.opengov.com/portal/cityftmyers,https://api.procurement.opengov.com/api/v1/government/cityftmyers/project/public,opengov,yes,true,verified,"OpenGov tenant code=cityftmyers. VERIFIED 2026-08-06: POST {""limit"":100,""page"":0,""sortField"":""releaseProjectDate"",""sortDirection"":""DESC""} to api_url returns HTTP 200 with 248 total projects. Detail: GET https://api.procurement.opengov.com/api/v1/project/{id} returns presigned S3 attachment URLs (bid packets download anonymously). Send Content-Type: application/json + browser UA + Origin: https://procurement.opengov.com. Do NOT scrape procurement.opengov.com/portal/* - Cloudflare-challenged; use the API host."
og-cityofgainesville,mun-city-of-gainesville,"City of Gainesville, FL",municipality,alachua,opengov,https://procurement.opengov.com/portal/cityofgainesville,https://api.procurement.opengov.com/api/v1/government/cityofgainesville/project/public,opengov,yes,true,verified,"OpenGov tenant code=cityofgainesville. VERIFIED 2026-08-06: POST {""limit"":100,""page"":0,""sortField"":""releaseProjectDate"",""sortDirection"":""DESC""} to api_url returns HTTP 200 with 37 total projects. Detail: GET https://api.procurement.opengov.com/api/v1/project/{id} returns presigned S3 attachment URLs (bid packets download anonymously). Send Content-Type: application/json + browser UA + Origin: https://procurement.opengov.com. Do NOT scrape procurement.opengov.com/portal/* - Cloudflare-challenged; use the API host."
og-greencovesprings,mun-city-of-green-cove-springs,City of Green Cove Springs,municipality,clay,opengov,https://procurement.opengov.com/portal/greencovesprings,https://api.procurement.opengov.com/api/v1/government/greencovesprings/project/public,opengov,yes,true,verified,"OpenGov tenant code=greencovesprings. VERIFIED 2026-08-06: POST {""limit"":100,""page"":0,""sortField"":""releaseProjectDate"",""sortDirection"":""DESC""} to api_url returns HTTP 200 with 18 total projects. Detail: GET https://api.procurement.opengov.com/api/v1/project/{id} returns presigned S3 attachment URLs (bid packets download anonymously). Send Content-Type: application/json + browser UA + Origin: https://procurement.opengov.com. Do NOT scrape procurement.opengov.com/portal/* - Cloudflare-challenged; use the API host."
og-groveland,mun-city-of-groveland,City of Groveland,municipality,lake,opengov,https://procurement.opengov.com/portal/groveland,https://api.procurement.opengov.com/api/v1/government/groveland/project/public,opengov,yes,true,verified,"OpenGov tenant code=groveland. VERIFIED 2026-08-06: POST {""limit"":100,""page"":0,""sortField"":""releaseProjectDate"",""sortDirection"":""DESC""} to api_url returns HTTP 200 with 48 total projects. Detail: GET https://api.procurement.opengov.com/api/v1/project/{id} returns presigned S3 attachment URLs (bid packets download anonymously). Send Content-Type: application/json + browser UA + Origin: https://procurement.opengov.com. Do NOT scrape procurement.opengov.com/portal/* - Cloudflare-challenged; use the API host."
og-hainesfl,mun-city-of-haines-city,City of Haines,municipality,polk,opengov,https://procurement.opengov.com/portal/hainesfl,https://api.procurement.opengov.com/api/v1/government/hainesfl/project/public,opengov,yes,true,verified,"OpenGov tenant code=hainesfl. VERIFIED 2026-08-06: POST {""limit"":100,""page"":0,""sortField"":""releaseProjectDate"",""sortDirection"":""DESC""} to api_url returns HTTP 200 with 0 total projects. Detail: GET https://api.procurement.opengov.com/api/v1/project/{id} returns presigned S3 attachment URLs (bid packets download anonymously). Send Content-Type: application/json + browser UA + Origin: https://procurement.opengov.com. Do NOT scrape procurement.opengov.com/portal/* - Cloudflare-challenged; use the API host."
og-cityofhialeahfl,mun-city-of-hialeah,"City of Hialeah, FL",municipality,miami-dade,opengov,https://procurement.opengov.com/portal/cityofhialeahfl,https://api.procurement.opengov.com/api/v1/government/cityofhialeahfl/project/public,opengov,yes,true,verified,"OpenGov tenant code=cityofhialeahfl. VERIFIED 2026-08-06: POST {""limit"":100,""page"":0,""sortField"":""releaseProjectDate"",""sortDirection"":""DESC""} to api_url returns HTTP 200 with 185 total projects. Detail: GET https://api.procurement.opengov.com/api/v1/project/{id} returns presigned S3 attachment URLs (bid packets download anonymously). Send Content-Type: application/json + browser UA + Origin: https://procurement.opengov.com. Do NOT scrape procurement.opengov.com/portal/* - Cloudflare-challenged; use the API host."
og-hollywoodfl,mun-city-of-hollywood,City of Hollywood,municipality,broward,opengov,https://procurement.opengov.com/portal/hollywoodfl,https://api.procurement.opengov.com/api/v1/government/hollywoodfl/project/public,opengov,yes,true,verified,"OpenGov tenant code=hollywoodfl. VERIFIED 2026-08-06: POST {""limit"":100,""page"":0,""sortField"":""releaseProjectDate"",""sortDirection"":""DESC""} to api_url returns HTTP 200 with 358 total projects. Detail: GET https://api.procurement.opengov.com/api/v1/project/{id} returns presigned S3 attachment URLs (bid packets download anonymously). Send Content-Type: application/json + browser UA + Origin: https://procurement.opengov.com. Do NOT scrape procurement.opengov.com/portal/* - Cloudflare-challenged; use the API host."
og-cityofhomestead,mun-city-of-homestead,City of Homestead,municipality,miami-dade,opengov,https://procurement.opengov.com/portal/cityofhomestead,https://api.procurement.opengov.com/api/v1/government/cityofhomestead/project/public,opengov,yes,true,verified,"OpenGov tenant code=cityofhomestead. VERIFIED 2026-08-06: POST {""limit"":100,""page"":0,""sortField"":""releaseProjectDate"",""sortDirection"":""DESC""} to api_url returns HTTP 200 with 242 total projects. Detail: GET https://api.procurement.opengov.com/api/v1/project/{id} returns presigned S3 attachment URLs (bid packets download anonymously). Send Content-Type: application/json + browser UA + Origin: https://procurement.opengov.com. Do NOT scrape procurement.opengov.com/portal/* - Cloudflare-challenged; use the API host."
og-jacksonvillebeachfl,mun-city-of-jacksonville-beach,"City of Jacksonville Beach, FL",municipality,duval,opengov,https://procurement.opengov.com/portal/jacksonvillebeachfl,https://api.procurement.opengov.com/api/v1/government/jacksonvillebeachfl/project/public,opengov,yes,true,verified,"OpenGov tenant code=jacksonvillebeachfl. VERIFIED 2026-08-06: POST {""limit"":100,""page"":0,""sortField"":""releaseProjectDate"",""sortDirection"":""DESC""} to api_url returns HTTP 200 with 0 total projects. Detail: GET https://api.procurement.opengov.com/api/v1/project/{id} returns presigned S3 attachment URLs (bid packets download anonymously). Send Content-Type: application/json + browser UA + Origin: https://procurement.opengov.com. Do NOT scrape procurement.opengov.com/portal/* - Cloudflare-challenged; use the API host."
og-lcfla,mun-city-of-lake-city,City of Lake City,municipality,columbia,opengov,https://procurement.opengov.com/portal/lcfla,https://api.procurement.opengov.com/api/v1/government/lcfla/project/public,opengov,yes,true,verified,"OpenGov tenant code=lcfla. VERIFIED 2026-08-06: POST {""limit"":100,""page"":0,""sortField"":""releaseProjectDate"",""sortDirection"":""DESC""} to api_url returns HTTP 200 with 119 total projects. Detail: GET https://api.procurement.opengov.com/api/v1/project/{id} returns presigned S3 attachment URLs (bid packets download anonymously). Send Content-Type: application/json + browser UA + Origin: https://procurement.opengov.com. Do NOT scrape procurement.opengov.com/portal/* - Cloudflare-challenged; use the API host."
og-lakelandgov,mun-city-of-lakeland,City of Lakeland,municipality,polk,opengov,https://procurement.opengov.com/portal/lakelandgov,https://api.procurement.opengov.com/api/v1/government/lakelandgov/project/public,opengov,yes,true,verified,"OpenGov tenant code=lakelandgov. VERIFIED 2026-08-06: POST {""limit"":100,""page"":0,""sortField"":""releaseProjectDate"",""sortDirection"":""DESC""} to api_url returns HTTP 200 with 318 total projects. Detail: GET https://api.procurement.opengov.com/api/v1/project/{id} returns presigned S3 attachment URLs (bid packets download anonymously). Send Content-Type: application/json + browser UA + Origin: https://procurement.opengov.com. Do NOT scrape procurement.opengov.com/portal/* - Cloudflare-challenged; use the API host."
og-lauderdalelakes,mun-city-of-lauderdale-lakes,City of Lauderdale Lakes,municipality,broward,opengov,https://procurement.opengov.com/portal/lauderdalelakes,https://api.procurement.opengov.com/api/v1/government/lauderdalelakes/project/public,opengov,yes,true,verified,"OpenGov tenant code=lauderdalelakes. VERIFIED 2026-08-06: POST {""limit"":100,""page"":0,""sortField"":""releaseProjectDate"",""sortDirection"":""DESC""} to api_url returns HTTP 200 with 22 total projects. Detail: GET https://api.procurement.opengov.com/api/v1/project/{id} returns presigned S3 attachment URLs (bid packets download anonymously). Send Content-Type: application/json + browser UA + Origin: https://procurement.opengov.com. Do NOT scrape procurement.opengov.com/portal/* - Cloudflare-challenged; use the API host."
og-leesburgflorida,mun-city-of-leesburg,City of Leesburg,municipality,lake,opengov,https://procurement.opengov.com/portal/leesburgflorida,https://api.procurement.opengov.com/api/v1/government/leesburgflorida/project/public,opengov,yes,true,verified,"OpenGov tenant code=leesburgflorida. VERIFIED 2026-08-06: POST {""limit"":100,""page"":0,""sortField"":""releaseProjectDate"",""sortDirection"":""DESC""} to api_url returns HTTP 200 with 22 total projects. Detail: GET https://api.procurement.opengov.com/api/v1/project/{id} returns presigned S3 attachment URLs (bid packets download anonymously). Send Content-Type: application/json + browser UA + Origin: https://procurement.opengov.com. Do NOT scrape procurement.opengov.com/portal/* - Cloudflare-challenged; use the API host."
og-naplesgov,mun-city-of-naples,City of Naples,municipality,collier,opengov,https://procurement.opengov.com/portal/naplesgov,https://api.procurement.opengov.com/api/v1/government/naplesgov/project/public,opengov,yes,true,verified,"OpenGov tenant code=naplesgov. VERIFIED 2026-08-06: POST {""limit"":100,""page"":0,""sortField"":""releaseProjectDate"",""sortDirection"":""DESC""} to api_url returns HTTP 200 with 175 total projects. Detail: GET https://api.procurement.opengov.com/api/v1/project/{id} returns presigned S3 attachment URLs (bid packets download anonymously). Send Content-Type: application/json + browser UA + Origin: https://procurement.opengov.com. Do NOT scrape procurement.opengov.com/portal/* - Cloudflare-challenged; use the API host."
og-cityofnsb,mun-city-of-new-smyrna-beach,City of New Smyrna Beach,municipality,volusia,opengov,https://procurement.opengov.com/portal/cityofnsb,https://api.procurement.opengov.com/api/v1/government/cityofnsb/project/public,opengov,yes,true,verified,"OpenGov tenant code=cityofnsb. VERIFIED 2026-08-06: POST {""limit"":100,""page"":0,""sortField"":""releaseProjectDate"",""sortDirection"":""DESC""} to api_url returns HTTP 200 with 142 total projects. Detail: GET https://api.procurement.opengov.com/api/v1/project/{id} returns presigned S3 attachment URLs (bid packets download anonymously). Send Content-Type: application/json + browser UA + Origin: https://procurement.opengov.com. Do NOT scrape procurement.opengov.com/portal/* - Cloudflare-challenged; use the API host."
og-citynmb,mun-city-of-north-miami-beach,City of North Miami Beach,municipality,miami-dade,opengov,https://procurement.opengov.com/portal/citynmb,https://api.procurement.opengov.com/api/v1/government/citynmb/project/public,opengov,yes,true,verified,"OpenGov tenant code=citynmb. VERIFIED 2026-08-06: POST {""limit"":100,""page"":0,""sortField"":""releaseProjectDate"",""sortDirection"":""DESC""} to api_url returns HTTP 200 with 42 total projects. Detail: GET https://api.procurement.opengov.com/api/v1/project/{id} returns presigned S3 attachment URLs (bid packets download anonymously). Send Content-Type: application/json + browser UA + Origin: https://procurement.opengov.com. Do NOT scrape procurement.opengov.com/portal/* - Cloudflare-challenged; use the API host."
og-northmiamifl,mun-city-of-north-miami,"City of North Miami, FL",municipality,miami-dade,opengov,https://procurement.opengov.com/portal/northmiamifl,https://api.procurement.opengov.com/api/v1/government/northmiamifl/project/public,opengov,yes,true,verified,"OpenGov tenant code=northmiamifl. VERIFIED 2026-08-06: POST {""limit"":100,""page"":0,""sortField"":""releaseProjectDate"",""sortDirection"":""DESC""} to api_url returns HTTP 200 with 0 total projects. Detail: GET https://api.procurement.opengov.com/api/v1/project/{id} returns presigned S3 attachment URLs (bid packets download anonymously). Send Content-Type: application/json + browser UA + Origin: https://procurement.opengov.com. Do NOT scrape procurement.opengov.com/portal/* - Cloudflare-challenged; use the API host."
og-ocoeefl,mun-city-of-ocoee,"City of Ocoee, FL",municipality,orange,opengov,https://procurement.opengov.com/portal/ocoeefl,https://api.procurement.opengov.com/api/v1/government/ocoeefl/project/public,opengov,yes,true,verified,"OpenGov tenant code=ocoeefl. VERIFIED 2026-08-06: POST {""limit"":100,""page"":0,""sortField"":""releaseProjectDate"",""sortDirection"":""DESC""} to api_url returns HTTP 200 with 0 total projects. Detail: GET https://api.procurement.opengov.com/api/v1/project/{id} returns presigned S3 attachment URLs (bid packets download anonymously). Send Content-Type: application/json + browser UA + Origin: https://procurement.opengov.com. Do NOT scrape procurement.opengov.com/portal/* - Cloudflare-challenged; use the API host."
og-orlando,mun-city-of-orlando,City of Orlando,municipality,orange,opengov,https://procurement.opengov.com/portal/orlando,https://api.procurement.opengov.com/api/v1/government/orlando/project/public,opengov,yes,true,verified,"OpenGov tenant code=orlando. VERIFIED 2026-08-06: POST {""limit"":100,""page"":0,""sortField"":""releaseProjectDate"",""sortDirection"":""DESC""} to api_url returns HTTP 200 with 501 total projects. Detail: GET https://api.procurement.opengov.com/api/v1/project/{id} returns presigned S3 attachment URLs (bid packets download anonymously). Send Content-Type: application/json + browser UA + Origin: https://procurement.opengov.com. Do NOT scrape procurement.opengov.com/portal/* - Cloudflare-challenged; use the API host."
og-pbgfl,mun-city-of-palm-beach-gardens,City of Palm Beach Gardens,municipality,palm-beach,opengov,https://procurement.opengov.com/portal/pbgfl,https://api.procurement.opengov.com/api/v1/government/pbgfl/project/public,opengov,yes,true,verified,"OpenGov tenant code=pbgfl. VERIFIED 2026-08-06: POST {""limit"":100,""page"":0,""sortField"":""releaseProjectDate"",""sortDirection"":""DESC""} to api_url returns HTTP 200 with 14 total projects. Detail: GET https://api.procurement.opengov.com/api/v1/project/{id} returns presigned S3 attachment URLs (bid packets download anonymously). Send Content-Type: application/json + browser UA + Origin: https://procurement.opengov.com. Do NOT scrape procurement.opengov.com/portal/* - Cloudflare-challenged; use the API host."
og-pembrokepines,mun-city-of-pembroke-pines,City of Pembroke Pines,municipality,broward,opengov,https://procurement.opengov.com/portal/pembrokepines,https://api.procurement.opengov.com/api/v1/government/pembrokepines/project/public,opengov,yes,true,verified,"OpenGov tenant code=pembrokepines. VERIFIED 2026-08-06: POST {""limit"":100,""page"":0,""sortField"":""releaseProjectDate"",""sortDirection"":""DESC""} to api_url returns HTTP 200 with 158 total projects. Detail: GET https://api.procurement.opengov.com/api/v1/project/{id} returns presigned S3 attachment URLs (bid packets download anonymously). Send Content-Type: application/json + browser UA + Origin: https://procurement.opengov.com. Do NOT scrape procurement.opengov.com/portal/* - Cloudflare-challenged; use the API host."
og-plantcitygov,mun-city-of-plant-city,City of Plant City,municipality,hillsborough,opengov,https://procurement.opengov.com/portal/plantcitygov,https://api.procurement.opengov.com/api/v1/government/plantcitygov/project/public,opengov,yes,true,verified,"OpenGov tenant code=plantcitygov. VERIFIED 2026-08-06: POST {""limit"":100,""page"":0,""sortField"":""releaseProjectDate"",""sortDirection"":""DESC""} to api_url returns HTTP 200 with 53 total projects. Detail: GET https://api.procurement.opengov.com/api/v1/project/{id} returns presigned S3 attachment URLs (bid packets download anonymously). Send Content-Type: application/json + browser UA + Origin: https://procurement.opengov.com. Do NOT scrape procurement.opengov.com/portal/* - Cloudflare-challenged; use the API host."
og-copbfl,mun-city-of-pompano-beach,"City of Pompano Beach, FL",municipality,broward,opengov,https://procurement.opengov.com/portal/copbfl,https://api.procurement.opengov.com/api/v1/government/copbfl/project/public,opengov,yes,true,verified,"OpenGov tenant code=copbfl. VERIFIED 2026-08-06: POST {""limit"":100,""page"":0,""sortField"":""releaseProjectDate"",""sortDirection"":""DESC""} to api_url returns HTTP 200 with 1 total projects. Detail: GET https://api.procurement.opengov.com/api/v1/project/{id} returns presigned S3 attachment URLs (bid packets download anonymously). Send Content-Type: application/json + browser UA + Origin: https://procurement.opengov.com. Do NOT scrape procurement.opengov.com/portal/* - Cloudflare-challenged; use the API host."
og-portorangefl,mun-city-of-port-orange,City of Port Orange,municipality,volusia,opengov,https://procurement.opengov.com/portal/portorangefl,https://api.procurement.opengov.com/api/v1/government/portorangefl/project/public,opengov,yes,true,verified,"OpenGov tenant code=portorangefl. VERIFIED 2026-08-06: POST {""limit"":100,""page"":0,""sortField"":""releaseProjectDate"",""sortDirection"":""DESC""} to api_url returns HTTP 200 with 2 total projects. Detail: GET https://api.procurement.opengov.com/api/v1/project/{id} returns presigned S3 attachment URLs (bid packets download anonymously). Send Content-Type: application/json + browser UA + Origin: https://procurement.opengov.com. Do NOT scrape procurement.opengov.com/portal/* - Cloudflare-challenged; use the API host."
og-cityofpsl,mun-city-of-port-st-lucie,City of Port St. Lucie,municipality,saint-lucie,opengov,https://procurement.opengov.com/portal/cityofpsl,https://api.procurement.opengov.com/api/v1/government/cityofpsl/project/public,opengov,yes,true,verified,"OpenGov tenant code=cityofpsl. VERIFIED 2026-08-06: POST {""limit"":100,""page"":0,""sortField"":""releaseProjectDate"",""sortDirection"":""DESC""} to api_url returns HTTP 200 with 152 total projects. Detail: GET https://api.procurement.opengov.com/api/v1/project/{id} returns presigned S3 attachment URLs (bid packets download anonymously). Send Content-Type: application/json + browser UA + Origin: https://procurement.opengov.com. Do NOT scrape procurement.opengov.com/portal/* - Cloudflare-challenged; use the API host."
og-sarasotafl,mun-city-of-sarasota,City of Sarasota,municipality,sarasota,opengov,https://procurement.opengov.com/portal/sarasotafl,https://api.procurement.opengov.com/api/v1/government/sarasotafl/project/public,opengov,yes,true,verified,"OpenGov tenant code=sarasotafl. VERIFIED 2026-08-06: POST {""limit"":100,""page"":0,""sortField"":""releaseProjectDate"",""sortDirection"":""DESC""} to api_url returns HTTP 200 with 19 total projects. Detail: GET https://api.procurement.opengov.com/api/v1/project/{id} returns presigned S3 attachment URLs (bid packets download anonymously). Send Content-Type: application/json + browser UA + Origin: https://procurement.opengov.com. Do NOT scrape procurement.opengov.com/portal/* - Cloudflare-challenged; use the API host."
og-southdaytona,mun-city-of-south-daytona,"City of South Daytona, FL",municipality,volusia,opengov,https://procurement.opengov.com/portal/southdaytona,https://api.procurement.opengov.com/api/v1/government/southdaytona/project/public,opengov,yes,true,verified,"OpenGov tenant code=southdaytona. VERIFIED 2026-08-06: POST {""limit"":100,""page"":0,""sortField"":""releaseProjectDate"",""sortDirection"":""DESC""} to api_url returns HTTP 200 with 19 total projects. Detail: GET https://api.procurement.opengov.com/api/v1/project/{id} returns presigned S3 attachment URLs (bid packets download anonymously). Send Content-Type: application/json + browser UA + Origin: https://procurement.opengov.com. Do NOT scrape procurement.opengov.com/portal/* - Cloudflare-challenged; use the API host."
og-staugustine,mun-city-of-st-augustine,"City of St. Augustine, FL",municipality,saint-johns,opengov,https://procurement.opengov.com/portal/staugustine,https://api.procurement.opengov.com/api/v1/government/staugustine/project/public,opengov,yes,true,verified,"OpenGov tenant code=staugustine. VERIFIED 2026-08-06: POST {""limit"":100,""page"":0,""sortField"":""releaseProjectDate"",""sortDirection"":""DESC""} to api_url returns HTTP 200 with 33 total projects. Detail: GET https://api.procurement.opengov.com/api/v1/project/{id} returns presigned S3 attachment URLs (bid packets download anonymously). Send Content-Type: application/json + browser UA + Origin: https://procurement.opengov.com. Do NOT scrape procurement.opengov.com/portal/* - Cloudflare-challenged; use the API host."
og-stcloud,mun-city-of-st-cloud,City of St. Cloud,municipality,osceola,opengov,https://procurement.opengov.com/portal/stcloud,https://api.procurement.opengov.com/api/v1/government/stcloud/project/public,opengov,yes,true,verified,"OpenGov tenant code=stcloud. VERIFIED 2026-08-06: POST {""limit"":100,""page"":0,""sortField"":""releaseProjectDate"",""sortDirection"":""DESC""} to api_url returns HTTP 200 with 85 total projects. Detail: GET https://api.procurement.opengov.com/api/v1/project/{id} returns presigned S3 attachment URLs (bid packets download anonymously). Send Content-Type: application/json + browser UA + Origin: https://procurement.opengov.com. Do NOT scrape procurement.opengov.com/portal/* - Cloudflare-challenged; use the API host."
og-stpete,mun-city-of-st-petersburg,City of St. Petersburg,municipality,pinellas,opengov,https://procurement.opengov.com/portal/stpete,https://api.procurement.opengov.com/api/v1/government/stpete/project/public,opengov,yes,true,verified,"OpenGov tenant code=stpete. VERIFIED 2026-08-06: POST {""limit"":100,""page"":0,""sortField"":""releaseProjectDate"",""sortDirection"":""DESC""} to api_url returns HTTP 200 with 567 total projects. Detail: GET https://api.procurement.opengov.com/api/v1/project/{id} returns presigned S3 attachment URLs (bid packets download anonymously). Send Content-Type: application/json + browser UA + Origin: https://procurement.opengov.com. Do NOT scrape procurement.opengov.com/portal/* - Cloudflare-challenged; use the API host."
og-stuartfl,mun-city-of-stuart,City of Stuart,municipality,martin,opengov,https://procurement.opengov.com/portal/stuartfl,https://api.procurement.opengov.com/api/v1/government/stuartfl/project/public,opengov,yes,true,verified,"OpenGov tenant code=stuartfl. VERIFIED 2026-08-06: POST {""limit"":100,""page"":0,""sortField"":""releaseProjectDate"",""sortDirection"":""DESC""} to api_url returns HTTP 200 with 52 total projects. Detail: GET https://api.procurement.opengov.com/api/v1/project/{id} returns presigned S3 attachment URLs (bid packets download anonymously). Send Content-Type: application/json + browser UA + Origin: https://procurement.opengov.com. Do NOT scrape procurement.opengov.com/portal/* - Cloudflare-challenged; use the API host."
og-cityoftampa,mun-city-of-tampa,City of Tampa,municipality,hillsborough,opengov,https://procurement.opengov.com/portal/cityoftampa,https://api.procurement.opengov.com/api/v1/government/cityoftampa/project/public,opengov,yes,true,verified,"OpenGov tenant code=cityoftampa. VERIFIED 2026-08-06: POST {""limit"":100,""page"":0,""sortField"":""releaseProjectDate"",""sortDirection"":""DESC""} to api_url returns HTTP 200 with 818 total projects. Detail: GET https://api.procurement.opengov.com/api/v1/project/{id} returns presigned S3 attachment URLs (bid packets download anonymously). Send Content-Type: application/json + browser UA + Origin: https://procurement.opengov.com. Do NOT scrape procurement.opengov.com/portal/* - Cloudflare-challenged; use the API host."
og-winterhavenfl,mun-city-of-winter-haven,"City of Winter Haven, FL",municipality,polk,opengov,https://procurement.opengov.com/portal/winterhavenfl,https://api.procurement.opengov.com/api/v1/government/winterhavenfl/project/public,opengov,yes,true,verified,"OpenGov tenant code=winterhavenfl. VERIFIED 2026-08-06: POST {""limit"":100,""page"":0,""sortField"":""releaseProjectDate"",""sortDirection"":""DESC""} to api_url returns HTTP 200 with 36 total projects. Detail: GET https://api.procurement.opengov.com/api/v1/project/{id} returns presigned S3 attachment URLs (bid packets download anonymously). Send Content-Type: application/json + browser UA + Origin: https://procurement.opengov.com. Do NOT scrape procurement.opengov.com/portal/* - Cloudflare-challenged; use the API host."
og-cityofwinterpark,mun-city-of-winter-park,City of Winter Park,municipality,orange,opengov,https://procurement.opengov.com/portal/cityofwinterpark,https://api.procurement.opengov.com/api/v1/government/cityofwinterpark/project/public,opengov,yes,true,verified,"OpenGov tenant code=cityofwinterpark. VERIFIED 2026-08-06: POST {""limit"":100,""page"":0,""sortField"":""releaseProjectDate"",""sortDirection"":""DESC""} to api_url returns HTTP 200 with 104 total projects. Detail: GET https://api.procurement.opengov.com/api/v1/project/{id} returns presigned S3 attachment URLs (bid packets download anonymously). Send Content-Type: application/json + browser UA + Origin: https://procurement.opengov.com. Do NOT scrape procurement.opengov.com/portal/* - Cloudflare-challenged; use the API host."
og-zephyrhillsfl,mun-city-of-zephyrhills,City of Zephyrhills,municipality,pasco,opengov,https://procurement.opengov.com/portal/zephyrhillsfl,https://api.procurement.opengov.com/api/v1/government/zephyrhillsfl/project/public,opengov,yes,true,verified,"OpenGov tenant code=zephyrhillsfl. VERIFIED 2026-08-06: POST {""limit"":100,""page"":0,""sortField"":""releaseProjectDate"",""sortDirection"":""DESC""} to api_url returns HTTP 200 with 28 total projects. Detail: GET https://api.procurement.opengov.com/api/v1/project/{id} returns presigned S3 attachment URLs (bid packets download anonymously). Send Content-Type: application/json + browser UA + Origin: https://procurement.opengov.com. Do NOT scrape procurement.opengov.com/portal/* - Cloudflare-challenged; use the API host."
og-claycounty,co-clay-county,Clay County,county,clay,opengov,https://procurement.opengov.com/portal/claycounty,https://api.procurement.opengov.com/api/v1/government/claycounty/project/public,opengov,yes,true,verified,"OpenGov tenant code=claycounty. VERIFIED 2026-08-06: POST {""limit"":100,""page"":0,""sortField"":""releaseProjectDate"",""sortDirection"":""DESC""} to api_url returns HTTP 200 with 293 total projects. Detail: GET https://api.procurement.opengov.com/api/v1/project/{id} returns presigned S3 attachment URLs (bid packets download anonymously). Send Content-Type: application/json + browser UA + Origin: https://procurement.opengov.com. Do NOT scrape procurement.opengov.com/portal/* - Cloudflare-challenged; use the API host."
og-clayutility,sd-clay-county-utility-authority,Clay County Utility Authority,county,bradford-clay-duval,opengov,https://procurement.opengov.com/portal/clayutility,https://api.procurement.opengov.com/api/v1/government/clayutility/project/public,opengov,yes,true,verified,"OpenGov tenant code=clayutility. VERIFIED 2026-08-06: POST {""limit"":100,""page"":0,""sortField"":""releaseProjectDate"",""sortDirection"":""DESC""} to api_url returns HTTP 200 with 31 total projects. Detail: GET https://api.procurement.opengov.com/api/v1/project/{id} returns presigned S3 attachment URLs (bid packets download anonymously). Send Content-Type: application/json + browser UA + Origin: https://procurement.opengov.com. Do NOT scrape procurement.opengov.com/portal/* - Cloudflare-challenged; use the API host."
og-collier-county-fl,co-collier-county,"County of Collier, FL",county,collier,opengov,https://procurement.opengov.com/portal/collier-county-fl,https://api.procurement.opengov.com/api/v1/government/collier-county-fl/project/public,opengov,yes,true,verified,"OpenGov tenant code=collier-county-fl. VERIFIED 2026-08-06: POST {""limit"":100,""page"":0,""sortField"":""releaseProjectDate"",""sortDirection"":""DESC""} to api_url returns HTTP 200 with 533 total projects. Detail: GET https://api.procurement.opengov.com/api/v1/project/{id} returns presigned S3 attachment URLs (bid packets download anonymously). Send Content-Type: application/json + browser UA + Origin: https://procurement.opengov.com. Do NOT scrape procurement.opengov.com/portal/* - Cloudflare-challenged; use the API host."
og-flaglercounty,co-flagler-county,County of Flagler,county,flagler,opengov,https://procurement.opengov.com/portal/flaglercounty,https://api.procurement.opengov.com/api/v1/government/flaglercounty/project/public,opengov,yes,true,verified,"OpenGov tenant code=flaglercounty. VERIFIED 2026-08-06: POST {""limit"":100,""page"":0,""sortField"":""releaseProjectDate"",""sortDirection"":""DESC""} to api_url returns HTTP 200 with 50 total projects. Detail: GET https://api.procurement.opengov.com/api/v1/project/{id} returns presigned S3 attachment URLs (bid packets download anonymously). Send Content-Type: application/json + browser UA + Origin: https://procurement.opengov.com. Do NOT scrape procurement.opengov.com/portal/* - Cloudflare-challenged; use the API host."
og-gadsdencountyfl,co-gadsden-county,"County of Gadsden, FL",county,gadsden,opengov,https://procurement.opengov.com/portal/gadsdencountyfl,https://api.procurement.opengov.com/api/v1/government/gadsdencountyfl/project/public,opengov,yes,true,verified,"OpenGov tenant code=gadsdencountyfl. VERIFIED 2026-08-06: POST {""limit"":100,""page"":0,""sortField"":""releaseProjectDate"",""sortDirection"":""DESC""} to api_url returns HTTP 200 with 3 total projects. Detail: GET https://api.procurement.opengov.com/api/v1/project/{id} returns presigned S3 attachment URLs (bid packets download anonymously). Send Content-Type: application/json + browser UA + Origin: https://procurement.opengov.com. Do NOT scrape procurement.opengov.com/portal/* - Cloudflare-challenged; use the API host."
og-hernandocounty,co-hernando-county,County of Hernando,county,hernando,opengov,https://procurement.opengov.com/portal/hernandocounty,https://api.procurement.opengov.com/api/v1/government/hernandocounty/project/public,opengov,yes,true,verified,"OpenGov tenant code=hernandocounty. VERIFIED 2026-08-06: POST {""limit"":100,""page"":0,""sortField"":""releaseProjectDate"",""sortDirection"":""DESC""} to api_url returns HTTP 200 with 214 total projects. Detail: GET https://api.procurement.opengov.com/api/v1/project/{id} returns presigned S3 attachment URLs (bid packets download anonymously). Send Content-Type: application/json + browser UA + Origin: https://procurement.opengov.com. Do NOT scrape procurement.opengov.com/portal/* - Cloudflare-challenged; use the API host."
og-levycounty,co-levy-county,County of Levy,county,levy,opengov,https://procurement.opengov.com/portal/levycounty,https://api.procurement.opengov.com/api/v1/government/levycounty/project/public,opengov,yes,true,verified,"OpenGov tenant code=levycounty. VERIFIED 2026-08-06: POST {""limit"":100,""page"":0,""sortField"":""releaseProjectDate"",""sortDirection"":""DESC""} to api_url returns HTTP 200 with 18 total projects. Detail: GET https://api.procurement.opengov.com/api/v1/project/{id} returns presigned S3 attachment URLs (bid packets download anonymously). Send Content-Type: application/json + browser UA + Origin: https://procurement.opengov.com. Do NOT scrape procurement.opengov.com/portal/* - Cloudflare-challenged; use the API host."
og-myokaloosa,co-okaloosa-county,County of Okaloosa,county,okaloosa,opengov,https://procurement.opengov.com/portal/myokaloosa,https://api.procurement.opengov.com/api/v1/government/myokaloosa/project/public,opengov,yes,true,verified,"OpenGov tenant code=myokaloosa. VERIFIED 2026-08-06: POST {""limit"":100,""page"":0,""sortField"":""releaseProjectDate"",""sortDirection"":""DESC""} to api_url returns HTTP 200 with 48 total projects. Detail: GET https://api.procurement.opengov.com/api/v1/project/{id} returns presigned S3 attachment URLs (bid packets download anonymously). Send Content-Type: application/json + browser UA + Origin: https://procurement.opengov.com. Do NOT scrape procurement.opengov.com/portal/* - Cloudflare-challenged; use the API host."
og-palmbeachcofl,co-palm-beach-county,"County of Palm Beach, FL",county,palm-beach,opengov,https://procurement.opengov.com/portal/palmbeachcofl,https://api.procurement.opengov.com/api/v1/government/palmbeachcofl/project/public,opengov,yes,true,verified,"OpenGov tenant code=palmbeachcofl. VERIFIED 2026-08-06: POST {""limit"":100,""page"":0,""sortField"":""releaseProjectDate"",""sortDirection"":""DESC""} to api_url returns HTTP 200 with 0 total projects. Detail: GET https://api.procurement.opengov.com/api/v1/project/{id} returns presigned S3 attachment URLs (bid packets download anonymously). Send Content-Type: application/json + browser UA + Origin: https://procurement.opengov.com. Do NOT scrape procurement.opengov.com/portal/* - Cloudflare-challenged; use the API host."
og-volusia,co-volusia-county,County of Volusia,county,volusia,opengov,https://procurement.opengov.com/portal/volusia,https://api.procurement.opengov.com/api/v1/government/volusia/project/public,opengov,yes,true,verified,"OpenGov tenant code=volusia. VERIFIED 2026-08-06: POST {""limit"":100,""page"":0,""sortField"":""releaseProjectDate"",""sortDirection"":""DESC""} to api_url returns HTTP 200 with 622 total projects. Detail: GET https://api.procurement.opengov.com/api/v1/project/{id} returns presigned S3 attachment URLs (bid packets download anonymously). Send Content-Type: application/json + browser UA + Origin: https://procurement.opengov.com. Do NOT scrape procurement.opengov.com/portal/* - Cloudflare-challenged; use the API host."
og-desotobocc,co-de-soto-county,DeSoto County,county,de-soto,opengov,https://procurement.opengov.com/portal/desotobocc,https://api.procurement.opengov.com/api/v1/government/desotobocc/project/public,opengov,yes,true,verified,"OpenGov tenant code=desotobocc. VERIFIED 2026-08-06: POST {""limit"":100,""page"":0,""sortField"":""releaseProjectDate"",""sortDirection"":""DESC""} to api_url returns HTTP 200 with 1 total projects. Detail: GET https://api.procurement.opengov.com/api/v1/project/{id} returns presigned S3 attachment URLs (bid packets download anonymously). Send Content-Type: application/json + browser UA + Origin: https://procurement.opengov.com. Do NOT scrape procurement.opengov.com/portal/* - Cloudflare-challenged; use the API host."
og-escambiacountyfl,co-escambia-county,Escambia County,county,escambia,opengov,https://procurement.opengov.com/portal/escambiacountyfl,https://api.procurement.opengov.com/api/v1/government/escambiacountyfl/project/public,opengov,yes,true,verified,"OpenGov tenant code=escambiacountyfl. VERIFIED 2026-08-06: POST {""limit"":100,""page"":0,""sortField"":""releaseProjectDate"",""sortDirection"":""DESC""} to api_url returns HTTP 200 with 1206 total projects. Detail: GET https://api.procurement.opengov.com/api/v1/project/{id} returns presigned S3 attachment URLs (bid packets download anonymously). Send Content-Type: application/json + browser UA + Origin: https://procurement.opengov.com. Do NOT scrape procurement.opengov.com/portal/* - Cloudflare-challenged; use the API host."
og-flaglerschools,sch-flagler-county-school-district,Flagler County School District,school_district,flagler,opengov,https://procurement.opengov.com/portal/flaglerschools,https://api.procurement.opengov.com/api/v1/government/flaglerschools/project/public,opengov,yes,true,verified,"OpenGov tenant code=flaglerschools. VERIFIED 2026-08-06: POST {""limit"":100,""page"":0,""sortField"":""releaseProjectDate"",""sortDirection"":""DESC""} to api_url returns HTTP 200 with 27 total projects. Detail: GET https://api.procurement.opengov.com/api/v1/project/{id} returns presigned S3 attachment URLs (bid packets download anonymously). Send Content-Type: application/json + browser UA + Origin: https://procurement.opengov.com. Do NOT scrape procurement.opengov.com/portal/* - Cloudflare-challenged; use the API host."
og-gru,mun-city-of-gainesville,Gainesville Regional Utilities,special_district,alachua,opengov,https://procurement.opengov.com/portal/gru,https://api.procurement.opengov.com/api/v1/government/gru/project/public,opengov,yes,true,verified,"OpenGov tenant code=gru. VERIFIED 2026-08-06: POST {""limit"":100,""page"":0,""sortField"":""releaseProjectDate"",""sortDirection"":""DESC""} to api_url returns HTTP 200 with 82 total projects. Detail: GET https://api.procurement.opengov.com/api/v1/project/{id} returns presigned S3 attachment URLs (bid packets download anonymously). Send Content-Type: application/json + browser UA + Origin: https://procurement.opengov.com. Do NOT scrape procurement.opengov.com/portal/* - Cloudflare-challenged; use the API host."
og-goaa,sd-greater-orlando-aviation-authority,Greater Orlando Aviation Authority,special_district,orange,opengov,https://procurement.opengov.com/portal/goaa,https://api.procurement.opengov.com/api/v1/government/goaa/project/public,opengov,yes,true,verified,"OpenGov tenant code=goaa. VERIFIED 2026-08-06: POST {""limit"":100,""page"":0,""sortField"":""releaseProjectDate"",""sortDirection"":""DESC""} to api_url returns HTTP 200 with 225 total projects. Detail: GET https://api.procurement.opengov.com/api/v1/project/{id} returns presigned S3 attachment URLs (bid packets download anonymously). Send Content-Type: application/json + browser UA + Origin: https://procurement.opengov.com. Do NOT scrape procurement.opengov.com/portal/* - Cloudflare-challenged; use the API host."
og-jaxportfl,sd-jacksonville-port-authority,Jacksonville Port Authority,special_district,duval,opengov,https://procurement.opengov.com/portal/jaxportfl,https://api.procurement.opengov.com/api/v1/government/jaxportfl/project/public,opengov,yes,true,verified,"OpenGov tenant code=jaxportfl. VERIFIED 2026-08-06: POST {""limit"":100,""page"":0,""sortField"":""releaseProjectDate"",""sortDirection"":""DESC""} to api_url returns HTTP 200 with 0 total projects. Detail: GET https://api.procurement.opengov.com/api/v1/project/{id} returns presigned S3 attachment URLs (bid packets download anonymously). Send Content-Type: application/json + browser UA + Origin: https://procurement.opengov.com. Do NOT scrape procurement.opengov.com/portal/* - Cloudflare-challenged; use the API host."
og-jtafla,sd-jacksonville-transportation-authority,Jacksonville Transportation Authority,special_district,duval,opengov,https://procurement.opengov.com/portal/jtafla,https://api.procurement.opengov.com/api/v1/government/jtafla/project/public,opengov,yes,true,verified,"OpenGov tenant code=jtafla. VERIFIED 2026-08-06: POST {""limit"":100,""page"":0,""sortField"":""releaseProjectDate"",""sortDirection"":""DESC""} to api_url returns HTTP 200 with 106 total projects. Detail: GET https://api.procurement.opengov.com/api/v1/project/{id} returns presigned S3 attachment URLs (bid packets download anonymously). Send Content-Type: application/json + browser UA + Origin: https://procurement.opengov.com. Do NOT scrape procurement.opengov.com/portal/* - Cloudflare-challenged; use the API host."
og-ridecitrus,sd-lakeland-area-mass-transit-district,"Lakeland Area Mass Transit District, FL",special_district,polk,opengov,https://procurement.opengov.com/portal/ridecitrus,https://api.procurement.opengov.com/api/v1/government/ridecitrus/project/public,opengov,yes,true,verified,"OpenGov tenant code=ridecitrus. VERIFIED 2026-08-06: POST {""limit"":100,""page"":0,""sortField"":""releaseProjectDate"",""sortDirection"":""DESC""} to api_url returns HTTP 200 with 12 total projects. Detail: GET https://api.procurement.opengov.com/api/v1/project/{id} returns presigned S3 attachment URLs (bid packets download anonymously). Send Content-Type: application/json + browser UA + Origin: https://procurement.opengov.com. Do NOT scrape procurement.opengov.com/portal/* - Cloudflare-challenged; use the API host."
og-flylcpa,sd-lee-county-port-authority,Lee County Port Authority,county,lee,opengov,https://procurement.opengov.com/portal/flylcpa,https://api.procurement.opengov.com/api/v1/government/flylcpa/project/public,opengov,yes,true,verified,"OpenGov tenant code=flylcpa. VERIFIED 2026-08-06: POST {""limit"":100,""page"":0,""sortField"":""releaseProjectDate"",""sortDirection"":""DESC""} to api_url returns HTTP 200 with 19 total projects. Detail: GET https://api.procurement.opengov.com/api/v1/project/{id} returns presigned S3 attachment URLs (bid packets download anonymously). Send Content-Type: application/json + browser UA + Origin: https://procurement.opengov.com. Do NOT scrape procurement.opengov.com/portal/* - Cloudflare-challenged; use the API host."
og-leoncounty,co-leon-county,Leon County,county,leon,opengov,https://procurement.opengov.com/portal/leoncounty,https://api.procurement.opengov.com/api/v1/government/leoncounty/project/public,opengov,yes,true,verified,"OpenGov tenant code=leoncounty. VERIFIED 2026-08-06: POST {""limit"":100,""page"":0,""sortField"":""releaseProjectDate"",""sortDirection"":""DESC""} to api_url returns HTTP 200 with 274 total projects. Detail: GET https://api.procurement.opengov.com/api/v1/project/{id} returns presigned S3 attachment URLs (bid packets download anonymously). Send Content-Type: application/json + browser UA + Origin: https://procurement.opengov.com. Do NOT scrape procurement.opengov.com/portal/* - Cloudflare-challenged; use the API host."
og-miamiparking,sd-department-of-off-street-parking-of-the-city-of-miami,Miami Parking Authority,special_district,miami-dade,opengov,https://procurement.opengov.com/portal/miamiparking,https://api.procurement.opengov.com/api/v1/government/miamiparking/project/public,opengov,yes,true,verified,"OpenGov tenant code=miamiparking. VERIFIED 2026-08-06: POST {""limit"":100,""page"":0,""sortField"":""releaseProjectDate"",""sortDirection"":""DESC""} to api_url returns HTTP 200 with 1 total projects. Detail: GET https://api.procurement.opengov.com/api/v1/project/{id} returns presigned S3 attachment URLs (bid packets download anonymously). Send Content-Type: application/json + browser UA + Origin: https://procurement.opengov.com. Do NOT scrape procurement.opengov.com/portal/* - Cloudflare-challenged; use the API host."
og-keyschools-mcsd,sch-monroe-county-school-district,"Monroe County School District, FL",school_district,monroe,opengov,https://procurement.opengov.com/portal/keyschools-mcsd,https://api.procurement.opengov.com/api/v1/government/keyschools-mcsd/project/public,opengov,yes,true,verified,"OpenGov tenant code=keyschools-mcsd. VERIFIED 2026-08-06: POST {""limit"":100,""page"":0,""sortField"":""releaseProjectDate"",""sortDirection"":""DESC""} to api_url returns HTTP 200 with 46 total projects. Detail: GET https://api.procurement.opengov.com/api/v1/project/{id} returns presigned S3 attachment URLs (bid packets download anonymously). Send Content-Type: application/json + browser UA + Origin: https://procurement.opengov.com. Do NOT scrape procurement.opengov.com/portal/* - Cloudflare-challenged; use the API host."
og-orangecountyfl,co-orange-county,"Orange County, Florida",county,orange,opengov,https://procurement.opengov.com/portal/orangecountyfl,https://api.procurement.opengov.com/api/v1/government/orangecountyfl/project/public,opengov,yes,true,verified,"OpenGov tenant code=orangecountyfl. VERIFIED 2026-08-06: POST {""limit"":100,""page"":0,""sortField"":""releaseProjectDate"",""sortDirection"":""DESC""} to api_url returns HTTP 200 with 1132 total projects. Detail: GET https://api.procurement.opengov.com/api/v1/project/{id} returns presigned S3 attachment URLs (bid packets download anonymously). Send Content-Type: application/json + browser UA + Origin: https://procurement.opengov.com. Do NOT scrape procurement.opengov.com/portal/* - Cloudflare-challenged; use the API host."
og-pinellasfl,co-pinellas-county,Pinellas County,county,pinellas,opengov,https://procurement.opengov.com/portal/pinellasfl,https://api.procurement.opengov.com/api/v1/government/pinellasfl/project/public,opengov,yes,true,verified,"OpenGov tenant code=pinellasfl. VERIFIED 2026-08-06: POST {""limit"":100,""page"":0,""sortField"":""releaseProjectDate"",""sortDirection"":""DESC""} to api_url returns HTTP 200 with 765 total projects. Detail: GET https://api.procurement.opengov.com/api/v1/project/{id} returns presigned S3 attachment URLs (bid packets download anonymously). Send Content-Type: application/json + browser UA + Origin: https://procurement.opengov.com. Do NOT scrape procurement.opengov.com/portal/* - Cloudflare-challenged; use the API host."
og-pcsb,sch-pinellas-county-school-district,Pinellas County School District,school_district,pinellas,opengov,https://procurement.opengov.com/portal/pcsb,https://api.procurement.opengov.com/api/v1/government/pcsb/project/public,opengov,yes,true,verified,"OpenGov tenant code=pcsb. VERIFIED 2026-08-06: POST {""limit"":100,""page"":0,""sortField"":""releaseProjectDate"",""sortDirection"":""DESC""} to api_url returns HTTP 200 with 30 total projects. Detail: GET https://api.procurement.opengov.com/api/v1/project/{id} returns presigned S3 attachment URLs (bid packets download anonymously). Send Content-Type: application/json + browser UA + Origin: https://procurement.opengov.com. Do NOT scrape procurement.opengov.com/portal/* - Cloudflare-challenged; use the API host."
og-myputnamschools,sch-putnam-county-school-district,Putnam County School District,school_district,putnam,opengov,https://procurement.opengov.com/portal/myputnamschools,https://api.procurement.opengov.com/api/v1/government/myputnamschools/project/public,opengov,yes,true,verified,"OpenGov tenant code=myputnamschools. VERIFIED 2026-08-06: POST {""limit"":100,""page"":0,""sortField"":""releaseProjectDate"",""sortDirection"":""DESC""} to api_url returns HTTP 200 with 73 total projects. Detail: GET https://api.procurement.opengov.com/api/v1/project/{id} returns presigned S3 attachment URLs (bid packets download anonymously). Send Content-Type: application/json + browser UA + Origin: https://procurement.opengov.com. Do NOT scrape procurement.opengov.com/portal/* - Cloudflare-challenged; use the API host."
og-flysfb,sd-sanford-airport-authority,Sanford Airport Authority,special_district,seminole,opengov,https://procurement.opengov.com/portal/flysfb,https://api.procurement.opengov.com/api/v1/government/flysfb/project/public,opengov,yes,true,verified,"OpenGov tenant code=flysfb. VERIFIED 2026-08-06: POST {""limit"":100,""page"":0,""sortField"":""releaseProjectDate"",""sortDirection"":""DESC""} to api_url returns HTTP 200 with 74 total projects. Detail: GET https://api.procurement.opengov.com/api/v1/project/{id} returns presigned S3 attachment URLs (bid packets download anonymously). Send Content-Type: application/json + browser UA + Origin: https://procurement.opengov.com. Do NOT scrape procurement.opengov.com/portal/* - Cloudflare-challenged; use the API host."
og-santarosafl,co-santa-rosa-county,Santa Rosa County,county,santa-rosa,opengov,https://procurement.opengov.com/portal/santarosafl,https://api.procurement.opengov.com/api/v1/government/santarosafl/project/public,opengov,yes,true,verified,"OpenGov tenant code=santarosafl. VERIFIED 2026-08-06: POST {""limit"":100,""page"":0,""sortField"":""releaseProjectDate"",""sortDirection"":""DESC""} to api_url returns HTTP 200 with 173 total projects. Detail: GET https://api.procurement.opengov.com/api/v1/project/{id} returns presigned S3 attachment URLs (bid packets download anonymously). Send Content-Type: application/json + browser UA + Origin: https://procurement.opengov.com. Do NOT scrape procurement.opengov.com/portal/* - Cloudflare-challenged; use the API host."
og-scgov,co-sarasota-county,Sarasota County,county,sarasota,opengov,https://procurement.opengov.com/portal/scgov,https://api.procurement.opengov.com/api/v1/government/scgov/project/public,opengov,yes,true,verified,"OpenGov tenant code=scgov. VERIFIED 2026-08-06: POST {""limit"":100,""page"":0,""sortField"":""releaseProjectDate"",""sortDirection"":""DESC""} to api_url returns HTTP 200 with 659 total projects. Detail: GET https://api.procurement.opengov.com/api/v1/project/{id} returns presigned S3 attachment URLs (bid packets download anonymously). Send Content-Type: application/json + browser UA + Origin: https://procurement.opengov.com. Do NOT scrape procurement.opengov.com/portal/* - Cloudflare-challenged; use the API host."
og-flysrq,sd-sarasota-manatee-airport-authority,Sarasota Manatee Airport Authority,special_district,manatee-sarasota,opengov,https://procurement.opengov.com/portal/flysrq,https://api.procurement.opengov.com/api/v1/government/flysrq/project/public,opengov,yes,true,verified,"OpenGov tenant code=flysrq. VERIFIED 2026-08-06: POST {""limit"":100,""page"":0,""sortField"":""releaseProjectDate"",""sortDirection"":""DESC""} to api_url returns HTTP 200 with 0 total projects. Detail: GET https://api.procurement.opengov.com/api/v1/project/{id} returns presigned S3 attachment URLs (bid packets download anonymously). Send Content-Type: application/json + browser UA + Origin: https://procurement.opengov.com. Do NOT scrape procurement.opengov.com/portal/* - Cloudflare-challenged; use the API host."
og-seminolefl,co-seminole-county,Seminole County,county,seminole,opengov,https://procurement.opengov.com/portal/seminolefl,https://api.procurement.opengov.com/api/v1/government/seminolefl/project/public,opengov,yes,true,verified,"OpenGov tenant code=seminolefl. VERIFIED 2026-08-06: POST {""limit"":100,""page"":0,""sortField"":""releaseProjectDate"",""sortDirection"":""DESC""} to api_url returns HTTP 200 with 416 total projects. Detail: GET https://api.procurement.opengov.com/api/v1/project/{id} returns presigned S3 attachment URLs (bid packets download anonymously). Send Content-Type: application/json + browser UA + Origin: https://procurement.opengov.com. Do NOT scrape procurement.opengov.com/portal/* - Cloudflare-challenged; use the API host."
og-tampaairport,sd-hillsborough-county-aviation-authority,Tampa International Airport,special_district,hillsborough,opengov,https://procurement.opengov.com/portal/tampaairport,https://api.procurement.opengov.com/api/v1/government/tampaairport/project/public,opengov,yes,true,verified,"OpenGov tenant code=tampaairport. VERIFIED 2026-08-06: POST {""limit"":100,""page"":0,""sortField"":""releaseProjectDate"",""sortDirection"":""DESC""} to api_url returns HTTP 200 with 58 total projects. Detail: GET https://api.procurement.opengov.com/api/v1/project/{id} returns presigned S3 attachment URLs (bid packets download anonymously). Send Content-Type: application/json + browser UA + Origin: https://procurement.opengov.com. Do NOT scrape procurement.opengov.com/portal/* - Cloudflare-challenged; use the API host."
og-tampa-xway,sd-tampa-hillsborough-county-expressway-authority,Tampa-Hillsborough County Expressway Authority,county,hillsborough,opengov,https://procurement.opengov.com/portal/tampa-xway,https://api.procurement.opengov.com/api/v1/government/tampa-xway/project/public,opengov,yes,true,verified,"OpenGov tenant code=tampa-xway. VERIFIED 2026-08-06: POST {""limit"":100,""page"":0,""sortField"":""releaseProjectDate"",""sortDirection"":""DESC""} to api_url returns HTTP 200 with 4 total projects. Detail: GET https://api.procurement.opengov.com/api/v1/project/{id} returns presigned S3 attachment URLs (bid packets download anonymously). Send Content-Type: application/json + browser UA + Origin: https://procurement.opengov.com. Do NOT scrape procurement.opengov.com/portal/* - Cloudflare-challenged; use the API host."
og-cityofdoral,mun-city-of-doral,The City of Doral,special_district,miami-dade,opengov,https://procurement.opengov.com/portal/cityofdoral,https://api.procurement.opengov.com/api/v1/government/cityofdoral/project/public,opengov,yes,true,verified,"OpenGov tenant code=cityofdoral. VERIFIED 2026-08-06: POST {""limit"":100,""page"":0,""sortField"":""releaseProjectDate"",""sortDirection"":""DESC""} to api_url returns HTTP 200 with 33 total projects. Detail: GET https://api.procurement.opengov.com/api/v1/project/{id} returns presigned S3 attachment URLs (bid packets download anonymously). Send Content-Type: application/json + browser UA + Origin: https://procurement.opengov.com. Do NOT scrape procurement.opengov.com/portal/* - Cloudflare-challenged; use the API host."
og-brevardschools,sch-brevard-county-school-district,"The School Board of Brevard County, Florida",school_district,brevard,opengov,https://procurement.opengov.com/portal/brevardschools,https://api.procurement.opengov.com/api/v1/government/brevardschools/project/public,opengov,yes,true,verified,"OpenGov tenant code=brevardschools. VERIFIED 2026-08-06: POST {""limit"":100,""page"":0,""sortField"":""releaseProjectDate"",""sortDirection"":""DESC""} to api_url returns HTTP 200 with 46 total projects. Detail: GET https://api.procurement.opengov.com/api/v1/project/{id} returns presigned S3 attachment URLs (bid packets download anonymously). Send Content-Type: application/json + browser UA + Origin: https://procurement.opengov.com. Do NOT scrape procurement.opengov.com/portal/* - Cloudflare-challenged; use the API host."
og-townofbelleair,mun-town-of-belleair,Town of Belleair,municipality,pinellas,opengov,https://procurement.opengov.com/portal/townofbelleair,https://api.procurement.opengov.com/api/v1/government/townofbelleair/project/public,opengov,yes,true,verified,"OpenGov tenant code=townofbelleair. VERIFIED 2026-08-06: POST {""limit"":100,""page"":0,""sortField"":""releaseProjectDate"",""sortDirection"":""DESC""} to api_url returns HTTP 200 with 0 total projects. Detail: GET https://api.procurement.opengov.com/api/v1/project/{id} returns presigned S3 attachment URLs (bid packets download anonymously). Send Content-Type: application/json + browser UA + Origin: https://procurement.opengov.com. Do NOT scrape procurement.opengov.com/portal/* - Cloudflare-challenged; use the API host."
og-davie-fl,mun-town-of-davie,Town of Davie,municipality,broward,opengov,https://procurement.opengov.com/portal/davie-fl,https://api.procurement.opengov.com/api/v1/government/davie-fl/project/public,opengov,yes,true,verified,"OpenGov tenant code=davie-fl. VERIFIED 2026-08-06: POST {""limit"":100,""page"":0,""sortField"":""releaseProjectDate"",""sortDirection"":""DESC""} to api_url returns HTTP 200 with 157 total projects. Detail: GET https://api.procurement.opengov.com/api/v1/project/{id} returns presigned S3 attachment URLs (bid packets download anonymously). Send Content-Type: application/json + browser UA + Origin: https://procurement.opengov.com. Do NOT scrape procurement.opengov.com/portal/* - Cloudflare-challenged; use the API host."
og-districtgov,,"Villages Community Development Districts, FL",special_district,the-villages,opengov,https://procurement.opengov.com/portal/districtgov,https://api.procurement.opengov.com/api/v1/government/districtgov/project/public,opengov,yes,true,verified,"OpenGov tenant code=districtgov. VERIFIED 2026-08-06: POST {""limit"":100,""page"":0,""sortField"":""releaseProjectDate"",""sortDirection"":""DESC""} to api_url returns HTTP 200 with 45 total projects. Detail: GET https://api.procurement.opengov.com/api/v1/project/{id} returns presigned S3 attachment URLs (bid packets download anonymously). Send Content-Type: application/json + browser UA + Origin: https://procurement.opengov.com. Do NOT scrape procurement.opengov.com/portal/* - Cloudflare-challenged; use the API host."
og-vcso,,Volusia Sheriff's Office,constitutional_officer,deland,opengov,https://procurement.opengov.com/portal/vcso,https://api.procurement.opengov.com/api/v1/government/vcso/project/public,opengov,yes,true,verified,"OpenGov tenant code=vcso. VERIFIED 2026-08-06: POST {""limit"":100,""page"":0,""sortField"":""releaseProjectDate"",""sortDirection"":""DESC""} to api_url returns HTTP 200 with 1 total projects. Detail: GET https://api.procurement.opengov.com/api/v1/project/{id} returns presigned S3 attachment URLs (bid packets download anonymously). Send Content-Type: application/json + browser UA + Origin: https://procurement.opengov.com. Do NOT scrape procurement.opengov.com/portal/* - Cloudflare-challenged; use the API host."
og-waltoncountyfl,co-walton-county,Walton County,county,walton,opengov,https://procurement.opengov.com/portal/waltoncountyfl,https://api.procurement.opengov.com/api/v1/government/waltoncountyfl/project/public,opengov,yes,true,verified,"OpenGov tenant code=waltoncountyfl. VERIFIED 2026-08-06: POST {""limit"":100,""page"":0,""sortField"":""releaseProjectDate"",""sortDirection"":""DESC""} to api_url returns HTTP 200 with 98 total projects. Detail: GET https://api.procurement.opengov.com/api/v1/project/{id} returns presigned S3 attachment URLs (bid packets download anonymously). Send Content-Type: application/json + browser UA + Origin: https://procurement.opengov.com. Do NOT scrape procurement.opengov.com/portal/* - Cloudflare-challenged; use the API host."
bonfire-broward,co-broward-county,Broward County (BPRO Electronic Procurement System),county,broward,bonfire,https://broward.bonfirehub.com/portal/?tab=openOpportunities,https://broward.bonfirehub.com/PublicPortal/getOpenPublicOpportunitiesSectionData,bonfire,yes,true,verified,VERIFIED live Bonfire tenant; portal title=BPRO Electronic Procurement System; open_opportunities=16
bonfire-dadeschools,sch-miami-dade-county-school-district,Miami-Dade County Public School District,school_district,miami-dade,bonfire,https://dadeschools.bonfirehub.com/portal/?tab=openOpportunities,https://dadeschools.bonfirehub.com/PublicPortal/getOpenPublicOpportunitiesSectionData,bonfire,yes,true,verified,VERIFIED live Bonfire tenant; portal title=Miami-Dade County Public School District; open_opportunities=unknown (newer portal build: legacy getOpenPublicOpportunitiesSectionData returns success:0)
bonfire-erau,,Embry-Riddle Aeronautical University,higher_ed,volusia,bonfire,https://erau.bonfirehub.com/portal/?tab=openOpportunities,https://erau.bonfirehub.com/PublicPortal/getOpenPublicOpportunitiesSectionData,bonfire,yes,true,verified,VERIFIED live Bonfire tenant; portal title=Embry-Riddle Aeronautical University; open_opportunities=0
bonfire-famu,he-florida-agricultural-and-mechanical-university,Florida A&M University,higher_ed,leon,bonfire,https://famu.bonfirehub.com/portal/?tab=openOpportunities,https://famu.bonfirehub.com/PublicPortal/getOpenPublicOpportunitiesSectionData,bonfire,yes,true,verified,VERIFIED live Bonfire tenant; portal title=Florida A&M University; open_opportunities=2
bonfire-fau,he-florida-atlantic-university,Florida Atlantic University,higher_ed,palm-beach,bonfire,https://fau.bonfirehub.com/portal/?tab=openOpportunities,https://fau.bonfirehub.com/PublicPortal/getOpenPublicOpportunitiesSectionData,bonfire,yes,true,verified,VERIFIED live Bonfire tenant; portal title=Florida Atlantic University; open_opportunities=1
bonfire-fgcu,he-florida-gulf-coast-university,Florida Gulf Coast University,higher_ed,lee,bonfire,https://fgcu.bonfirehub.com/portal/?tab=openOpportunities,https://fgcu.bonfirehub.com/PublicPortal/getOpenPublicOpportunitiesSectionData,bonfire,yes,true,verified,VERIFIED live Bonfire tenant; portal title=Florida Gulf Coast University; open_opportunities=2
bonfire-floridapoly,he-florida-polytechnic-university,Florida Polytechnic University,higher_ed,polk,bonfire,https://floridapoly.bonfirehub.com/portal/?tab=openOpportunities,https://floridapoly.bonfirehub.com/PublicPortal/getOpenPublicOpportunitiesSectionData,bonfire,yes,true,verified,VERIFIED live Bonfire tenant; portal title=Florida Polytechnic University; open_opportunities=0
bonfire-gohart,sd-hillsborough-transit-authority,Hillsborough Transit Authority (HART),special_district,hillsborough,bonfire,https://gohart.bonfirehub.com/portal/?tab=openOpportunities,https://gohart.bonfirehub.com/PublicPortal/getOpenPublicOpportunitiesSectionData,bonfire,yes,true,verified,VERIFIED live Bonfire tenant; portal title=Hillsborough Transit Authority; open_opportunities=1
bonfire-hillsboroughcounty,co-hillsborough-county,Hillsborough County,county,hillsborough,bonfire,https://hillsboroughcounty.bonfirehub.com/portal/?tab=openOpportunities,https://hillsboroughcounty.bonfirehub.com/PublicPortal/getOpenPublicOpportunitiesSectionData,bonfire,yes,true,verified,VERIFIED live Bonfire tenant; portal title=Hillsborough County; open_opportunities=24
bonfire-indianriver,co-indian-river-county,Indian River County,county,indian-river,bonfire,https://indianriver.bonfirehub.com/portal/?tab=openOpportunities,https://indianriver.bonfirehub.com/PublicPortal/getOpenPublicOpportunitiesSectionData,bonfire,yes,true,verified,VERIFIED live Bonfire tenant; portal title=Indian River County; open_opportunities=7
bonfire-jaxport,sd-jacksonville-port-authority,Jacksonville Port Authority (JAXPORT),special_district,duval,bonfire,https://jaxport.bonfirehub.com/portal/?tab=openOpportunities,https://jaxport.bonfirehub.com/PublicPortal/getOpenPublicOpportunitiesSectionData,bonfire,yes,true,verified,VERIFIED live Bonfire tenant; portal title=JAXPORT; open_opportunities=0
bonfire-keybiscayne,mun-village-of-key-biscayne,Village of Key Biscayne,municipality,miami-dade,bonfire,https://keybiscayne.bonfirehub.com/portal/?tab=openOpportunities,https://keybiscayne.bonfirehub.com/PublicPortal/getOpenPublicOpportunitiesSectionData,bonfire,yes,true,verified,"VERIFIED live Bonfire tenant; portal title=Village of Key Biscayne, FL; open_opportunities=0"
bonfire-leeschools,sch-lee-county-school-district,School District of Lee County,school_district,lee,bonfire,https://leeschools.bonfirehub.com/portal/?tab=openOpportunities,https://leeschools.bonfirehub.com/PublicPortal/getOpenPublicOpportunitiesSectionData,bonfire,yes,true,verified,VERIFIED live Bonfire tenant; portal title=The School District of Lee County; open_opportunities=2
bonfire-levycounty,co-levy-county,Levy County,county,levy,bonfire,https://levycounty.bonfirehub.com/portal/?tab=openOpportunities,https://levycounty.bonfirehub.com/PublicPortal/getOpenPublicOpportunitiesSectionData,bonfire,yes,true,verified,"VERIFIED live Bonfire tenant; portal title=Levy County, FL; open_opportunities=unknown (newer portal build: legacy getOpenPublicOpportunitiesSectionData returns success:0)"
bonfire-marionfl,co-marion-county,Marion County,county,marion,bonfire,https://marionfl.bonfirehub.com/portal/?tab=openOpportunities,https://marionfl.bonfirehub.com/PublicPortal/getOpenPublicOpportunitiesSectionData,bonfire,yes,true,verified,"VERIFIED live Bonfire tenant; portal title=Marion County, FL; open_opportunities=9"
bonfire-monroecounty-fl,co-monroe-county,Monroe County,county,monroe,bonfire,https://monroecounty-fl.bonfirehub.com/portal/?tab=openOpportunities,https://monroecounty-fl.bonfirehub.com/PublicPortal/getOpenPublicOpportunitiesSectionData,bonfire,yes,true,verified,"VERIFIED live Bonfire tenant; portal title=Monroe County, FL; open_opportunities=5"
bonfire-ocoee,mun-city-of-ocoee,City of Ocoee,municipality,orange,bonfire,https://ocoee.bonfirehub.com/portal/?tab=openOpportunities,https://ocoee.bonfirehub.com/PublicPortal/getOpenPublicOpportunitiesSectionData,bonfire,yes,true,verified,"VERIFIED live Bonfire tenant; portal title=City of Ocoee, Florida; open_opportunities=2"
bonfire-panamacity,mun-city-of-panama-city,City of Panama City,municipality,bay,bonfire,https://panamacity.bonfirehub.com/portal/?tab=openOpportunities,https://panamacity.bonfirehub.com/PublicPortal/getOpenPublicOpportunitiesSectionData,bonfire,yes,true,verified,VERIFIED live Bonfire tenant; portal title=City of Panama City; open_opportunities=2
bonfire-pascocountyfl,co-pasco-county,Pasco County,county,pasco,bonfire,https://pascocountyfl.bonfirehub.com/portal/?tab=openOpportunities,https://pascocountyfl.bonfirehub.com/PublicPortal/getOpenPublicOpportunitiesSectionData,bonfire,yes,true,verified,VERIFIED live Bonfire tenant; portal title=Pasco County; open_opportunities=8
bonfire-plantation,mun-city-of-plantation,City of Plantation,municipality,broward,bonfire,https://plantation.bonfirehub.com/portal/?tab=openOpportunities,https://plantation.bonfirehub.com/PublicPortal/getOpenPublicOpportunitiesSectionData,bonfire,yes,true,verified,VERIFIED live Bonfire tenant; portal title=City of Plantation; open_opportunities=0
bonfire-psta,sd-pinellas-suncoast-transit-authority,Pinellas Suncoast Transit Authority,special_district,pinellas,bonfire,https://psta.bonfirehub.com/portal/?tab=openOpportunities,https://psta.bonfirehub.com/PublicPortal/getOpenPublicOpportunitiesSectionData,bonfire,yes,true,verified,VERIFIED live Bonfire tenant; portal title=Pinellas Suncoast Transit Authority; open_opportunities=5
bonfire-stlucieschools,sch-st-lucie-county-school-district,St. Lucie County School District,school_district,st-lucie,bonfire,https://stlucieschools.bonfirehub.com/portal/?tab=openOpportunities,https://stlucieschools.bonfirehub.com/PublicPortal/getOpenPublicOpportunitiesSectionData,bonfire,yes,true,verified,VERIFIED live Bonfire tenant; portal title=St. Lucie School District; open_opportunities=1
bonfire-suwanneecountyfl,co-suwannee-county,Suwannee County,county,suwannee,bonfire,https://suwanneecountyfl.bonfirehub.com/portal/?tab=openOpportunities,https://suwanneecountyfl.bonfirehub.com/PublicPortal/getOpenPublicOpportunitiesSectionData,bonfire,yes,true,verified,VERIFIED live Bonfire tenant; portal title=Suwannee County; open_opportunities=1
bonfire-swa,sd-solid-waste-authority-of-palm-beach-county,Solid Waste Authority of Palm Beach County,special_district,palm-beach,bonfire,https://swa.bonfirehub.com/portal/?tab=openOpportunities,https://swa.bonfirehub.com/PublicPortal/getOpenPublicOpportunitiesSectionData,bonfire,yes,true,verified,VERIFIED live Bonfire tenant; portal title=Solid Waste Authority of Palm Beach County; open_opportunities=0
bonfire-talgov,mun-city-of-tallahassee,City of Tallahassee,municipality,leon,bonfire,https://talgov.bonfirehub.com/portal/?tab=openOpportunities,https://talgov.bonfirehub.com/PublicPortal/getOpenPublicOpportunitiesSectionData,bonfire,yes,true,verified,VERIFIED live Bonfire tenant; portal title=City of Tallahassee; open_opportunities=8
bonfire-townofpalmbeach,mun-town-of-palm-beach,Town of Palm Beach,municipality,palm-beach,bonfire,https://townofpalmbeach.bonfirehub.com/portal/?tab=openOpportunities,https://townofpalmbeach.bonfirehub.com/PublicPortal/getOpenPublicOpportunitiesSectionData,bonfire,yes,true,verified,VERIFIED live Bonfire tenant; portal title=Town Of Palm Beach; open_opportunities=3
bonfire-tri-rail,sd-south-florida-regional-transportation-authority,South Florida Regional Transportation Authority (Tri-Rail),special_district,broward,bonfire,https://tri-rail.bonfirehub.com/portal/?tab=openOpportunities,https://tri-rail.bonfirehub.com/PublicPortal/getOpenPublicOpportunitiesSectionData,bonfire,yes,true,verified,VERIFIED live Bonfire tenant; portal title=South Florida Regional Transportation Authority; open_opportunities=1
bonfire-ucf,he-university-of-central-florida,University of Central Florida,higher_ed,orange,bonfire,https://ucf.bonfirehub.com/portal/?tab=openOpportunities,https://ucf.bonfirehub.com/PublicPortal/getOpenPublicOpportunitiesSectionData,bonfire,yes,true,verified,VERIFIED live Bonfire tenant; portal title=University of Central Florida; open_opportunities=3
vr-central-florida-expressway-authority,sd-central-florida-expressway-authority,Central Florida Expressway Authority,special_district,orange,vendor_registry,https://vrapp.vendorregistry.com/Bids/View/BidsList?BuyerId=7fa678ed-767c-46f1-b88f-2fe8e4853ecc,,vendor_registry,partial,true,verified,Vendor Registry BuyerId=7fa678ed-767c-46f1-b88f-2fe8e4853ecc; verified HTTP 200 with agency-named title
vr-okeechobee-county,co-okeechobee-county,Okeechobee County,county,okeechobee,vendor_registry,https://vrapp.vendorregistry.com/Bids/View/BidsList?BuyerId=e0c9e138-531c-43ed-bb52-97aa049ceb72,,vendor_registry,partial,true,verified,Vendor Registry BuyerId=e0c9e138-531c-43ed-bb52-97aa049ceb72; verified HTTP 200 with agency-named title
vr-santa-rosa-county,co-santa-rosa-county,Santa Rosa County,county,santa-rosa,vendor_registry,https://vrapp.vendorregistry.com/Bids/View/BidsList?BuyerId=2a63b069-a1a0-47e8-9417-6007f31792d0,,vendor_registry,partial,true,verified,Vendor Registry BuyerId=2a63b069-a1a0-47e8-9417-6007f31792d0; verified HTTP 200 with agency-named title
pp-flhsmv,st-department-of-highway-safety-and-motor-vehicles-hsmv,Florida Department of Highway Safety and Motor Vehicles (FLHSMV),state,statewide,publicpurchase,"https://www.publicpurchase.com/gems/flhsmv,fl/buyer/public/home",,publicpurchase,partial,true,verified,Public Purchase GEMS buyer page; free vendor account required to download docs
pp-lynx,sd-central-florida-regional-transportation-authority,Central Florida Regional Transportation Authority (LYNX),special_district,orange,publicpurchase,"https://www.publicpurchase.com/gems/lynx,fl/buyer/public/home",,publicpurchase,partial,true,verified,Public Purchase GEMS buyer page; free vendor account required to download docs
pp-coralgables,mun-city-of-coral-gables,City of Coral Gables,municipality,miami-dade,publicpurchase,"https://www.publicpurchase.com/gems/coralgables,fl/buyer/public/home",,publicpurchase,partial,true,verified,Public Purchase GEMS buyer page; free vendor account required to download docs
miamidade-peoplesoft,co-miami-dade-county,Miami-Dade County (Supplier Portal),county,miami-dade,peoplesoft,https://supplier.miamidade.gov/psc/EXTSUPP/SUPPLIER/ERP/c/SCP_PUBLIC_MENU_FL.SCP_PUB_BID_CMP_FL.GBL,,peoplesoft,partial,true,verified,Oracle PeopleSoft SCP public bid list; HTTP 200 verified
coralgables-infor,mun-city-of-coral-gables,City of Coral Gables (Infor CloudSuite),municipality,miami-dade,infor_fsm,https://sms-coralgables-prd.inforcloudsuite.com/fsm/SupplyManagementSupplier/page/EventPage?csk_SupplierGroup=cocg&menu=XiSupplierHome.EventListings,,infor,no,true,probable,SupplierGroup=cocg; URL taken from coralgables.com Supplier Services page; returns HTTP 302 to login (auth required)
unf-jaggaer,he-university-of-north-florida,University of North Florida,higher_ed,duval,jaggaer,https://bids.sciquest.com/apps/Router/PublicEvent?CustomerOrg=UNF,,jaggaer,yes,true,verified,JAGGAER/SciQuest public event router; HTTP 200 verified
fdot-lettings,,Florida Department of Transportation - Construction Lettings,state,statewide,fdot_letting,https://bidletting.fdot.gov/LettingResults?districtID=99,,fdot_letting,yes,true,verified,districtID=99 = all districts; separate from MFMP (construction lettings are not advertised in VIP)
facts-contracts,,Florida Accountability Contract Tracking System (FACTS),state,statewide,facts,https://facts.fldfs.com/Search/ContractSearch.aspx,,facts,yes,true,verified,"FL DFS contract/award transparency system - awards & contracts, not open solicitations; useful for incumbent intel"
sam-gov-fl,,"SAM.gov Contract Opportunities (federal, Florida place-of-performance)",federal,statewide,sam_gov,https://sam.gov/search/?index=opp,https://api.sam.gov/opportunities/v2/search,sam_gov,yes,true,verified,Requires free api_key query parameter; unauthenticated call returns HTTP 404. Filter state=FL
flsheriffs-rss,,Florida Sheriffs Association Cooperative Purchasing Program,state,statewide,html_custom,https://flsheriffs.org/purchasingprogram/,https://flsheriffs.org/purchasingprogram/feed/,flsheriffs_rss,yes,true,verified,"WordPress RSS feed, HTTP 200 application/rss+xml verified"
